"File","Pages","Bytes","LandscapePages","Images","DistinctLinks","SHA256"
"RedTeamMethodology-v1.0.pdf","29","494535","0","3","0","5D37D72C1B2BFDF28FB624C7ECA067BCF06A36B86986CFD07AA2BD19E59E18D7"
"RedTeamAnnexes-v1.0.pdf","96","1238655","1","10","36","FF8A473E1F1616BFE1148119CDDE7F0DF706106B7B130518F02CA0DFA7FCAE94"
"RedTeamTemplates-v1.0.pdf","112","633884","13","0","0","F57BC7C0933D6F33F5608E743231C4373FEC1CBB69040EA023E98447FEF2961B"
"T01-engagement-request-v1.0.pdf","6","195894","0","0","0","ADD52753A41EFB6B4654A31CEDF613574DD25E33DFE6AA0F140BCA922498BBD5"
"T02-rules-of-engagement-v1.0.pdf","16","254266","1","0","0","B9738684805383FB40233680652EAED3A1CB9F11529D9C624DF628D54C923F26"
"T03-threat-profile-v1.0.pdf","9","204851","0","0","0","9C49A46C67E7426368AFED199B091349F40DE2628DC62E3FFF04A57939BC5303"
"T04-engagement-plan-v1.0.pdf","10","207812","2","0","0","7CDEEF2410E2EC45ACCE50C760CBCACBC667D5D45E29EB3AAA1E5270E5CC4F64"
"T05-operator-log-v1.0.pdf","5","172594","2","0","0","2095DB709E7485C1D37BF628E410E19007FB96DA4C30303275039D7CA36495DE"
"T06-sitrep-v1.0.pdf","4","180759","0","0","0","3429A615B0AC4BFC2620D85ADE998EDA4345C652D86906CEC56C13444652A0CE"
"T07-deconfliction-record-v1.0.pdf","5","181337","0","0","0","3AA42A23DF48D5F33D25C9BFDD29ECFA6BE902A4F337432CDD2D676A5C4D87C9"
"T08-engagement-report-v1.0.pdf","18","245513","1","0","0","7B7144705FFA28A3F4054FA91601DEF4342604C5F4B6F2F3FEC0430C68F5EFED"
"T09-finding-v1.0.pdf","6","194024","0","0","0","7D6C1F414C91E3B54B3FCAB08DBB5E95C61362C35BAF944A6CA034E5C508DA61"
"T10-letter-of-authorisation-v1.0.pdf","4","185340","0","0","0","4591D4CBD5B225FBFC2CBD194A76CF0BA1852082A8723402BC47E739699DBF5B"
"T11-lessons-learned-v1.0.pdf","6","190970","0","0","0","9D9CDF80D724267427EB734701F257C171FA96C30F996676E12043E6169957D5"
"T12-cleanup-register-v1.0.pdf","15","210588","7","0","0","E772B8EA1BA0A08E11D567EC793B25C7316A2B223812E5CF2EC3D15033560024"
