level	page_num	par_num	block_num	line_num	word_num	left	top	width	height	conf	text
1	1	0	0	0	0	0.000000	0.000000	595.276000	841.890000	-1	###PAGE###
3	1	0	0	0	0	260.882000	40.770960	73.512217	7.133240	-1	###FLOW###
4	1	0	0	0	0	260.882000	40.770960	73.512217	7.133240	-1	###LINE###
5	1	0	0	0	0	260.88	40.77	73.51	7.13	100	UNCLASSIFIED
3	1	1	0	0	0	70.866000	75.001199	149.751374	12.595964	-1	###FLOW###
4	1	1	0	0	0	70.866000	75.001199	149.751374	12.595964	-1	###LINE###
5	1	1	0	0	0	70.87	75.00	27.36	12.60	100	T05
5	1	1	0	0	1	103.61	75.00	16.14	12.60	100	—
5	1	1	0	0	2	125.13	75.00	64.27	12.60	100	Operator
5	1	1	0	0	3	194.78	75.00	25.84	12.60	100	Log
3	1	1	1	0	0	95.773000	99.671143	405.112129	20.851602	-1	###FLOW###
4	1	1	1	0	0	95.773000	99.671143	405.112129	8.896602	-1	###LINE###
5	1	1	1	0	0	95.77	99.77	21.28	8.80	100	Used
5	1	1	1	0	1	120.38	99.77	54.35	8.80	100	continuously
5	1	1	1	0	2	178.06	99.77	28.14	8.80	100	during
5	1	1	1	0	3	209.65	99.67	29.42	8.90	100	Phase
5	1	1	1	0	4	242.90	99.67	8.46	8.90	100	4.
5	1	1	1	0	5	255.81	99.77	33.65	8.80	100	Written
5	1	1	1	0	6	292.85	99.67	95.89	8.90	100	contemporaneously
5	1	1	1	0	7	392.08	99.77	9.92	8.80	100	—
5	1	1	1	0	8	405.34	99.77	8.88	8.80	100	as
5	1	1	1	0	9	417.54	99.77	13.78	8.80	100	the
5	1	1	1	0	10	434.64	99.77	26.46	8.80	100	action
5	1	1	1	0	11	464.43	99.77	6.67	8.80	100	is
5	1	1	1	0	12	474.43	99.77	26.46	8.80	100	taken,
4	1	1	1	1	0	95.773000	111.725769	173.901168	8.796976	-1	###LINE###
5	1	1	1	1	0	95.77	111.73	14.39	8.80	100	not
5	1	1	1	1	1	113.48	111.73	58.78	8.80	100	reconstructed
5	1	1	1	1	2	175.58	111.73	8.86	8.80	100	at
5	1	1	1	1	3	187.76	111.73	13.84	8.80	100	the
5	1	1	1	1	4	204.92	111.73	15.50	8.80	100	end
5	1	1	1	1	5	223.74	111.73	8.03	8.80	100	of
5	1	1	1	1	6	235.08	111.73	13.84	8.80	100	the
5	1	1	1	1	7	252.24	111.73	17.44	8.80	100	day.
3	1	1	2	0	0	95.414000	129.658769	404.086044	32.706976	-1	###FLOW###
4	1	1	2	0	0	95.414000	129.658769	404.059086	8.796976	-1	###LINE###
5	1	1	2	0	0	95.41	129.66	16.82	8.80	100	The
5	1	1	2	0	1	115.08	129.66	36.14	8.80	100	operator
5	1	1	2	0	2	154.07	129.66	12.48	8.80	100	log
5	1	1	2	0	3	169.40	129.66	6.56	8.80	100	is
5	1	1	2	0	4	178.82	129.66	13.56	8.80	100	the
5	1	1	2	0	5	195.23	129.66	20.67	8.80	100	most
5	1	1	2	0	6	218.76	129.66	42.88	8.80	100	important
5	1	1	2	0	7	264.49	129.66	12.48	8.80	100	log
5	1	1	2	0	8	279.82	129.66	8.14	8.80	100	in
5	1	1	2	0	9	290.81	129.66	13.56	8.80	100	the
5	1	1	2	0	10	307.22	129.66	52.89	8.80	100	engagement.
5	1	1	2	0	11	364.38	129.66	30.49	8.80	100	Session
5	1	1	2	0	12	397.71	129.66	15.73	8.80	100	and
5	1	1	2	0	13	416.30	129.66	11.93	8.80	100	C2
5	1	1	2	0	14	431.09	129.66	16.33	8.80	100	logs
5	1	1	2	0	15	450.28	129.66	26.62	8.80	100	record
5	1	1	2	0	16	479.76	129.66	19.71	8.80	100	what
4	1	1	2	1	0	95.773000	141.613769	403.727044	8.796976	-1	###LINE###
5	1	1	2	1	0	95.77	141.61	44.95	8.80	100	happened;
5	1	1	2	1	1	144.04	141.61	18.71	8.80	100	only
5	1	1	2	1	2	166.07	141.61	13.96	8.80	100	the
5	1	1	2	1	3	183.35	141.61	37.20	8.80	100	operator
5	1	1	2	1	4	223.86	141.61	15.08	8.80	100	can
5	1	1	2	1	5	242.26	141.61	27.41	8.80	100	record
5	1	1	2	1	6	272.99	141.61	19.49	8.80	100	why,
5	1	1	2	1	7	295.80	141.61	21.78	8.80	100	what
5	1	1	2	1	8	320.90	141.61	19.27	8.80	100	they
5	1	1	2	1	9	343.48	141.61	41.33	8.80	100	expected,
5	1	1	2	1	10	388.13	141.61	16.20	8.80	100	and
5	1	1	2	1	11	407.64	141.61	17.59	8.80	100	how
5	1	1	2	1	12	428.55	141.61	19.27	8.80	100	they
5	1	1	2	1	13	451.14	141.61	48.36	8.80	100	interpreted
4	1	1	2	2	0	95.773000	153.568769	304.852571	8.796976	-1	###LINE###
5	1	1	2	2	0	95.77	153.57	13.84	8.80	100	the
5	1	1	2	2	1	112.93	153.57	27.21	8.80	100	result.
5	1	1	2	2	2	144.56	153.57	21.59	8.80	100	That
5	1	1	2	2	3	169.47	153.57	6.70	8.80	100	is
5	1	1	2	2	4	179.49	153.57	21.59	8.80	100	what
5	1	1	2	2	5	204.39	153.57	26.62	8.80	100	makes
5	1	1	2	2	6	234.34	153.57	13.84	8.80	100	the
5	1	1	2	2	7	251.49	153.57	26.90	8.80	100	report
5	1	1	2	2	8	281.71	153.57	42.40	8.80	100	defensible
5	1	1	2	2	9	327.43	153.57	11.96	8.80	100	six
5	1	1	2	2	10	342.71	153.57	31.88	8.80	100	months
5	1	1	2	2	11	377.91	153.57	22.71	8.80	100	later.
3	1	1	3	0	0	70.866000	182.470769	22.002402	8.796976	-1	###FLOW###
4	1	1	3	0	0	70.866000	182.470769	22.002402	8.796976	-1	###LINE###
5	1	1	3	0	0	70.87	182.47	22.00	8.80	100	Field
3	1	2	0	0	0	358.698000	182.470769	24.357561	8.796976	-1	###FLOW###
4	1	2	0	0	0	358.698000	182.470769	24.357561	8.796976	-1	###LINE###
5	1	2	0	0	0	358.70	182.47	24.36	8.80	100	Value
3	1	3	0	0	0	70.866000	213.764769	95.392891	8.796976	-1	###FLOW###
4	1	3	0	0	0	70.866000	213.764769	95.392891	8.796976	-1	###LINE###
5	1	3	0	0	0	70.87	213.76	53.55	8.80	100	Engagement
5	1	3	0	0	1	127.73	213.76	38.53	8.80	100	reference
3	1	3	1	0	0	70.866000	240.058769	39.633215	8.796976	-1	###FLOW###
4	1	3	1	0	0	70.866000	240.058769	39.633215	8.796976	-1	###LINE###
5	1	3	1	0	0	70.87	240.06	39.63	8.80	100	Operator
3	1	3	2	0	0	70.866000	266.351769	53.822947	8.796976	-1	###FLOW###
4	1	3	2	0	0	70.866000	266.351769	53.822947	8.796976	-1	###LINE###
5	1	3	2	0	0	70.87	266.35	20.89	8.80	100	Date
5	1	3	2	0	1	95.08	266.35	29.61	8.80	100	(UTC)
3	1	3	3	0	0	70.866000	292.644769	95.313190	8.796976	-1	###FLOW###
4	1	3	3	0	0	70.866000	292.644769	95.313190	8.796976	-1	###LINE###
5	1	3	3	0	0	70.87	292.64	42.09	8.80	100	Approved
5	1	3	3	0	1	116.28	292.64	19.37	8.80	100	time
5	1	3	3	0	2	138.97	292.64	27.21	8.80	100	source
3	1	3	4	0	0	70.866000	318.938769	171.168427	8.796976	-1	###FLOW###
4	1	3	4	0	0	70.866000	318.938769	171.168427	8.796976	-1	###LINE###
5	1	3	4	0	0	70.87	318.94	41.87	8.80	100	Measured
5	1	3	4	0	1	116.06	318.94	21.86	8.80	100	clock
5	1	3	4	0	2	141.24	318.94	23.03	8.80	100	offset
5	1	3	4	0	3	167.59	318.94	4.98	8.80	100	/
5	1	3	4	0	4	175.89	318.94	33.21	8.80	100	checked
5	1	3	4	0	5	212.42	318.94	29.61	8.80	100	(UTC)
3	1	4	0	0	0	70.866000	376.311643	32.311319	10.496666	-1	###FLOW###
4	1	4	0	0	0	70.866000	376.311643	32.311319	10.496666	-1	###LINE###
5	1	4	0	0	0	70.87	376.31	32.31	10.50	100	Rules
3	1	4	1	0	0	83.043000	395.914143	442.747876	104.538602	-1	###FLOW###
4	1	4	1	0	0	83.043000	395.914143	441.739322	8.896602	-1	###LINE###
5	1	4	1	0	0	83.04	396.01	7.75	8.80	100	1.
5	1	4	1	0	1	95.77	395.91	24.56	8.90	100	UTC
5	1	4	1	0	2	123.94	395.91	13.67	8.90	100	for
5	1	4	1	0	3	141.21	395.91	26.46	8.90	100	every
5	1	4	1	0	4	171.28	395.91	54.94	8.90	100	timestamp.
5	1	4	1	0	5	230.60	396.01	30.00	8.80	100	Record
5	1	4	1	0	6	263.73	396.01	13.56	8.80	100	the
5	1	4	1	0	7	280.44	396.01	40.21	8.80	100	measured
5	1	4	1	0	8	323.79	396.01	22.57	8.80	100	offset
5	1	4	1	0	9	349.49	396.01	19.83	8.80	100	from
5	1	4	1	0	10	372.46	396.01	13.56	8.80	100	the
5	1	4	1	0	11	389.16	396.01	38.80	8.80	100	approved
5	1	4	1	0	12	431.10	396.01	29.36	8.80	100	source;
5	1	4	1	0	13	463.67	396.01	10.31	8.80	100	do
5	1	4	1	0	14	477.12	396.01	14.10	8.80	100	not
5	1	4	1	0	15	494.35	396.01	30.43	8.80	100	silently
4	1	4	1	1	0	95.773000	407.969769	138.844771	8.796976	-1	###LINE###
5	1	4	1	1	0	95.77	407.97	30.50	8.80	100	rewrite
5	1	4	1	1	1	129.59	407.97	4.98	8.80	100	a
5	1	4	1	1	2	137.89	407.97	44.64	8.80	100	discrepant
5	1	4	1	1	3	185.85	407.97	48.76	8.80	100	timestamp.
4	1	4	1	2	0	83.043000	419.825143	441.361884	8.896602	-1	###LINE###
5	1	4	1	2	0	83.04	419.92	7.75	8.80	100	2.
5	1	4	1	2	1	95.77	419.83	18.26	8.90	100	Log
5	1	4	1	2	2	117.86	419.83	26.86	8.90	100	every
5	1	4	1	2	3	148.54	419.83	33.41	8.90	100	action,
5	1	4	1	2	4	185.79	419.83	45.60	8.90	100	including
5	1	4	1	2	5	235.22	419.83	39.28	8.90	100	failures.
5	1	4	1	2	6	278.95	419.92	7.43	8.80	100	A
5	1	4	1	2	7	289.72	419.92	32.48	8.80	100	blocked
5	1	4	1	2	8	325.53	419.92	41.30	8.80	100	technique
5	1	4	1	2	9	370.16	419.92	6.66	8.80	100	is
5	1	4	1	2	10	380.16	419.92	36.63	8.80	100	evidence
5	1	4	1	2	11	420.12	419.92	4.96	8.80	100	a
5	1	4	1	2	12	428.40	419.92	30.04	8.80	100	control
5	1	4	1	2	13	461.76	419.92	33.34	8.80	100	worked,
5	1	4	1	2	14	498.45	419.92	15.97	8.80	100	and
5	1	4	1	2	15	517.75	419.92	6.65	8.80	100	is
4	1	4	1	3	0	95.773000	431.879769	138.424349	8.796976	-1	###LINE###
5	1	4	1	3	0	95.77	431.88	21.86	8.80	100	often
5	1	4	1	3	1	120.95	431.88	13.84	8.80	100	the
5	1	4	1	3	2	138.11	431.88	21.09	8.80	100	most
5	1	4	1	3	3	162.53	431.88	35.70	8.80	100	valuable
5	1	4	1	3	4	201.54	431.88	32.66	8.80	100	finding.
4	1	4	1	4	0	83.043000	443.735143	437.626134	8.896602	-1	###LINE###
5	1	4	1	4	0	83.04	443.83	7.75	8.80	100	3.
5	1	4	1	4	1	95.77	443.74	14.69	8.90	100	No
5	1	4	1	4	2	114.28	443.74	25.36	8.90	100	gaps.
5	1	4	1	4	3	144.08	443.83	13.01	8.80	100	An
5	1	4	1	4	4	160.41	443.83	52.31	8.80	100	unexplained
5	1	4	1	4	5	216.03	443.83	15.50	8.80	100	gap
5	1	4	1	4	6	234.85	443.83	28.26	8.80	100	during
5	1	4	1	4	7	266.42	443.83	10.52	8.80	100	an
5	1	4	1	4	8	280.27	443.83	34.59	8.80	100	incident
5	1	4	1	4	9	318.18	443.83	32.93	8.80	100	window
5	1	4	1	4	10	354.42	443.83	6.70	8.80	100	is
5	1	4	1	4	11	364.45	443.83	73.17	8.80	100	indistinguishable
5	1	4	1	4	12	440.93	443.83	20.23	8.80	100	from
5	1	4	1	4	13	464.49	443.83	56.18	8.80	100	concealment.
4	1	4	1	5	0	83.043000	455.690143	441.367694	8.896602	-1	###LINE###
5	1	4	1	5	0	83.04	455.79	7.75	8.80	100	4.
5	1	4	1	5	1	95.77	455.69	25.22	8.90	100	Field
5	1	4	1	5	2	124.81	455.69	11.47	8.90	100	12
5	1	4	1	5	3	140.10	455.69	66.62	8.90	100	(Description)
5	1	4	1	5	4	210.54	455.69	18.32	8.90	100	and
5	1	4	1	5	5	232.68	455.69	21.19	8.90	100	field
5	1	4	1	5	6	257.67	455.69	11.47	8.90	100	15
5	1	4	1	5	7	272.96	455.69	40.68	8.90	100	(System
5	1	4	1	5	8	317.46	455.69	66.42	8.90	100	modification)
5	1	4	1	5	9	387.70	455.69	15.55	8.90	100	are
5	1	4	1	5	10	407.08	455.69	56.65	8.90	100	mandatory.
5	1	4	1	5	11	468.15	455.79	22.44	8.80	100	They
5	1	4	1	5	12	493.91	455.79	13.33	8.80	100	are
5	1	4	1	5	13	510.56	455.79	13.85	8.80	100	the
4	1	4	1	6	0	95.773000	467.744769	430.017876	8.796976	-1	###LINE###
5	1	4	1	6	0	95.77	467.74	15.17	8.80	100	two
5	1	4	1	6	1	113.69	467.74	20.67	8.80	100	most
5	1	4	1	6	2	137.09	467.74	43.66	8.80	100	commonly
5	1	4	1	6	3	183.50	467.74	32.60	8.80	100	skipped
5	1	4	1	6	4	218.84	467.74	15.73	8.80	100	and
5	1	4	1	6	5	237.31	467.74	13.56	8.80	100	the
5	1	4	1	6	6	253.60	467.74	15.18	8.80	100	two
5	1	4	1	6	7	271.52	467.74	20.67	8.80	100	most
5	1	4	1	6	8	294.93	467.74	57.00	8.80	100	consequential
5	1	4	1	6	9	354.67	467.74	9.76	8.80	100	—
5	1	4	1	6	10	367.17	467.74	14.65	8.80	100	one
5	1	4	1	6	11	384.56	467.74	22.31	8.80	100	turns
5	1	4	1	6	12	409.62	467.74	13.56	8.80	100	the
5	1	4	1	6	13	425.91	467.74	12.48	8.80	100	log
5	1	4	1	6	14	441.13	467.74	16.53	8.80	100	into
5	1	4	1	6	15	460.41	467.74	10.31	8.80	100	an
5	1	4	1	6	16	473.46	467.74	52.34	8.80	100	explanation,
4	1	4	1	7	0	95.773000	479.700769	146.315725	8.796976	-1	###LINE###
5	1	4	1	7	0	95.77	479.70	13.84	8.80	100	the
5	1	4	1	7	1	112.93	479.70	22.72	8.80	100	other
5	1	4	1	7	2	138.97	479.70	26.63	8.80	100	makes
5	1	4	1	7	3	168.92	479.70	32.93	8.80	100	cleanup
5	1	4	1	7	4	205.17	479.70	36.92	8.80	100	possible.
4	1	4	1	8	0	83.043000	491.556143	432.967622	8.896602	-1	###LINE###
5	1	4	1	8	0	83.04	491.66	7.75	8.80	100	5.
5	1	4	1	8	1	95.77	491.56	47.74	8.90	100	Reconcile
5	1	4	1	8	2	147.33	491.56	35.39	8.90	100	against
5	1	4	1	8	3	186.53	491.56	14.00	8.90	100	C2
5	1	4	1	8	4	204.36	491.56	18.30	8.90	100	and
5	1	4	1	8	5	226.48	491.56	34.09	8.90	100	session
5	1	4	1	8	6	264.38	491.56	19.16	8.90	100	logs
5	1	4	1	8	7	287.36	491.56	10.02	8.90	100	at
5	1	4	1	8	8	301.20	491.56	17.98	8.90	100	end
5	1	4	1	8	9	323.00	491.56	9.23	8.90	100	of
5	1	4	1	8	10	336.05	491.56	19.89	8.90	100	day.
5	1	4	1	8	11	360.37	491.66	32.85	8.80	100	Resolve
5	1	4	1	8	12	396.54	491.66	56.59	8.80	100	discrepancies
5	1	4	1	8	13	456.46	491.66	13.83	8.80	100	the
5	1	4	1	8	14	473.61	491.66	21.64	8.80	100	same
5	1	4	1	8	15	498.57	491.66	17.44	8.80	100	day.
3	1	5	0	0	0	70.866000	536.163643	65.152253	10.496666	-1	###FLOW###
4	1	5	0	0	0	70.866000	536.163643	65.152253	10.496666	-1	###LINE###
5	1	5	0	0	0	70.87	536.16	21.53	10.50	100	Log
5	1	5	0	0	1	96.88	536.16	39.14	10.50	100	entries
3	1	5	1	0	0	70.866000	555.766143	47.943020	8.896602	-1	###FLOW###
4	1	5	1	0	0	70.866000	555.766143	47.943020	8.896602	-1	###LINE###
5	1	5	1	0	0	70.87	555.77	28.79	8.90	100	Entry
5	1	5	1	0	1	103.48	555.77	15.33	8.90	100	[N]
3	1	5	2	0	0	70.889000	585.777769	8.301835	8.796976	-1	###FLOW###
4	1	5	2	0	0	70.889000	585.777769	8.301835	8.796976	-1	###LINE###
5	1	5	2	0	0	70.89	585.78	8.30	8.80	100	#
3	1	6	0	0	0	196.008000	585.777769	22.002402	8.796976	-1	###FLOW###
4	1	6	0	0	0	196.008000	585.777769	22.002402	8.796976	-1	###LINE###
5	1	6	0	0	0	196.01	585.78	22.00	8.80	100	Field
3	1	7	0	0	0	400.315000	585.777769	24.357561	8.796976	-1	###FLOW###
4	1	7	0	0	0	400.315000	585.777769	24.357561	8.796976	-1	###LINE###
5	1	7	0	0	0	400.32	585.78	24.36	8.80	100	Value
3	1	8	0	0	0	70.889000	617.071769	4.981300	8.796976	-1	###FLOW###
4	1	8	0	0	0	70.889000	617.071769	4.981300	8.796976	-1	###LINE###
5	1	8	0	0	0	70.89	617.07	4.98	8.80	100	1
3	1	9	0	0	0	196.008000	617.071769	55.096167	8.796976	-1	###FLOW###
4	1	9	0	0	0	196.008000	617.071769	55.096167	8.796976	-1	###LINE###
5	1	9	0	0	0	196.01	617.07	22.17	8.80	100	Start
5	1	9	0	0	1	221.49	617.07	29.61	8.80	100	(UTC)
3	1	10	0	0	0	70.889000	643.364769	4.981300	8.796976	-1	###FLOW###
4	1	10	0	0	0	70.889000	643.364769	4.981300	8.796976	-1	###LINE###
5	1	10	0	0	0	70.89	643.36	4.98	8.80	100	2
3	1	11	0	0	0	196.009293	643.364769	50.779372	8.796976	-1	###FLOW###
4	1	11	0	0	0	196.009293	643.364769	50.779372	8.796976	-1	###LINE###
5	1	11	0	0	0	196.01	643.36	17.85	8.80	100	End
5	1	11	0	0	1	217.18	643.36	29.61	8.80	100	(UTC)
3	1	12	0	0	0	70.889000	669.658769	4.981300	8.796976	-1	###FLOW###
4	1	12	0	0	0	70.889000	669.658769	4.981300	8.796976	-1	###LINE###
5	1	12	0	0	0	70.89	669.66	4.98	8.80	100	3
3	1	13	0	0	0	196.008000	669.658769	39.633215	8.796976	-1	###FLOW###
4	1	13	0	0	0	196.008000	669.658769	39.633215	8.796976	-1	###LINE###
5	1	13	0	0	0	196.01	669.66	39.63	8.80	100	Operator
3	1	14	0	0	0	70.889000	695.951769	4.981300	8.796976	-1	###FLOW###
4	1	14	0	0	0	70.889000	695.951769	4.981300	8.796976	-1	###LINE###
5	1	14	0	0	0	70.89	695.95	4.98	8.80	100	4
3	1	15	0	0	0	196.009293	695.951769	42.506429	8.796976	-1	###FLOW###
4	1	15	0	0	0	196.009293	695.951769	42.506429	8.796976	-1	###LINE###
5	1	15	0	0	0	196.01	695.95	28.81	8.80	100	Source
5	1	15	0	0	1	228.14	695.95	10.38	8.80	100	IP
3	1	16	0	0	0	70.889000	722.245769	4.981300	8.796976	-1	###FLOW###
4	1	16	0	0	0	70.889000	722.245769	4.981300	8.796976	-1	###LINE###
5	1	16	0	0	0	70.89	722.25	4.98	8.80	100	5
3	1	17	0	0	0	196.008000	722.245769	63.981810	8.796976	-1	###FLOW###
4	1	17	0	0	0	196.008000	722.245769	63.981810	8.796976	-1	###LINE###
5	1	17	0	0	0	196.01	722.25	50.29	8.80	100	Destination
5	1	17	0	0	1	249.61	722.25	10.38	8.80	100	IP
3	1	18	0	0	0	70.889000	748.538769	4.981300	8.796976	-1	###FLOW###
4	1	18	0	0	0	70.889000	748.538769	4.981300	8.796976	-1	###LINE###
5	1	18	0	0	0	70.89	748.54	4.98	8.80	100	6
3	1	19	0	0	0	196.009293	748.538769	72.176048	8.796976	-1	###FLOW###
4	1	19	0	0	0	196.009293	748.538769	72.176048	8.796976	-1	###LINE###
5	1	19	0	0	0	196.01	748.54	50.29	8.80	100	Destination
5	1	19	0	0	1	249.61	748.54	18.57	8.80	100	port
3	1	20	0	0	0	260.882000	794.933960	73.512217	7.133239	-1	###FLOW###
4	1	20	0	0	0	260.882000	794.933960	73.512217	7.133239	-1	###LINE###
5	1	20	0	0	0	260.88	794.93	73.51	7.13	100	UNCLASSIFIED
3	1	20	1	0	0	291.681000	810.521052	11.912645	6.157865	-1	###FLOW###
4	1	20	1	0	0	291.681000	810.521052	11.912645	6.157865	-1	###LINE###
5	1	20	1	0	0	291.68	810.52	11.91	6.16	100	1/5
1	2	0	0	0	0	291.681000	810.521052	595.276000	841.890000	-1	###PAGE###
3	2	0	0	0	0	260.882000	40.770960	73.512217	7.133240	-1	###FLOW###
4	2	0	0	0	0	260.882000	40.770960	73.512217	7.133240	-1	###LINE###
5	2	0	0	0	0	260.88	40.77	73.51	7.13	100	UNCLASSIFIED
3	2	1	0	0	0	70.889000	82.996769	8.301835	8.796976	-1	###FLOW###
4	2	1	0	0	0	70.889000	82.996769	8.301835	8.796976	-1	###LINE###
5	2	1	0	0	0	70.89	83.00	8.30	8.80	100	#
3	2	2	0	0	0	196.008000	82.996769	22.002402	8.796976	-1	###FLOW###
4	2	2	0	0	0	196.008000	82.996769	22.002402	8.796976	-1	###LINE###
5	2	2	0	0	0	196.01	83.00	22.00	8.80	100	Field
3	2	3	0	0	0	400.315000	82.996769	24.357561	8.796976	-1	###FLOW###
4	2	3	0	0	0	400.315000	82.996769	24.357561	8.796976	-1	###LINE###
5	2	3	0	0	0	400.32	83.00	24.36	8.80	100	Value
3	2	4	0	0	0	70.889000	114.290769	4.981300	8.796976	-1	###FLOW###
4	2	4	0	0	0	70.889000	114.290769	4.981300	8.796976	-1	###LINE###
5	2	4	0	0	0	70.89	114.29	4.98	8.80	100	7
3	2	5	0	0	0	196.008000	114.290769	83.327186	8.796976	-1	###FLOW###
4	2	5	0	0	0	196.008000	114.290769	83.327186	8.796976	-1	###LINE###
5	2	5	0	0	0	196.01	114.29	50.29	8.80	100	Destination
5	2	5	0	0	1	249.61	114.29	29.72	8.80	100	system
3	2	6	0	0	0	70.889000	140.583769	4.981300	8.796976	-1	###FLOW###
4	2	6	0	0	0	70.889000	140.583769	4.981300	8.796976	-1	###LINE###
5	2	6	0	0	0	70.89	140.58	4.98	8.80	100	8
3	2	7	0	0	0	196.009293	140.583769	67.277438	8.796976	-1	###FLOW###
4	2	7	0	0	0	196.009293	140.583769	67.277438	8.796976	-1	###LINE###
5	2	7	0	0	0	196.01	140.58	23.38	8.80	100	Pivot
5	2	7	0	0	1	222.71	140.58	10.38	8.80	100	IP
5	2	7	0	0	2	236.42	140.58	4.98	8.80	100	/
5	2	7	0	0	3	244.71	140.58	18.57	8.80	100	port
3	2	8	0	0	0	70.889000	166.877769	4.981300	8.796976	-1	###FLOW###
4	2	8	0	0	0	70.889000	166.877769	4.981300	8.796976	-1	###LINE###
5	2	8	0	0	0	70.89	166.88	4.98	8.80	100	9
3	2	9	0	0	0	196.008000	166.877769	21.032045	8.796976	-1	###FLOW###
4	2	9	0	0	0	196.008000	166.877769	21.032045	8.796976	-1	###LINE###
5	2	9	0	0	0	196.01	166.88	21.03	8.80	100	URL
3	2	10	0	0	0	70.889000	193.170769	9.962600	8.796976	-1	###FLOW###
4	2	10	0	0	0	70.889000	193.170769	9.962600	8.796976	-1	###LINE###
5	2	10	0	0	0	70.89	193.17	9.96	8.80	100	10
3	2	11	0	0	0	196.009293	193.170769	79.148872	8.796976	-1	###FLOW###
4	2	11	0	0	0	196.009293	193.170769	79.148872	8.796976	-1	###LINE###
5	2	11	0	0	0	196.01	193.17	19.37	8.80	100	Tool
5	2	11	0	0	1	218.70	193.17	4.98	8.80	100	/
5	2	11	0	0	2	227.00	193.17	48.16	8.80	100	application
3	2	12	0	0	0	70.889000	219.464769	9.962600	8.796976	-1	###FLOW###
4	2	12	0	0	0	70.889000	219.464769	9.962600	8.796976	-1	###LINE###
5	2	12	0	0	0	70.89	219.46	9.96	8.80	100	11
3	2	13	0	0	0	196.008000	219.464769	44.831700	8.796976	-1	###FLOW###
4	2	13	0	0	0	196.008000	219.464769	44.831700	8.796976	-1	###LINE###
5	2	13	0	0	0	196.01	219.46	44.83	8.80	100	Command
3	2	14	0	0	0	70.889000	245.757769	9.962600	8.796976	-1	###FLOW###
4	2	14	0	0	0	70.889000	245.757769	9.962600	8.796976	-1	###LINE###
5	2	14	0	0	0	70.89	245.76	9.96	8.80	100	12
3	2	15	0	0	0	196.008000	245.658143	179.753496	20.851602	-1	###FLOW###
4	2	15	0	0	0	196.009293	245.658143	179.752203	8.896602	-1	###LINE###
5	2	15	0	0	0	196.01	245.66	57.65	8.90	100	Description
5	2	15	0	0	1	257.47	245.66	11.46	8.90	100	—
5	2	15	0	0	2	272.74	245.66	24.66	8.90	100	what
5	2	15	0	0	3	301.23	245.66	4.34	8.90	100	I
5	2	15	0	0	4	309.39	245.66	18.04	8.90	100	was
5	2	15	0	0	5	331.26	245.66	30.49	8.90	100	trying
5	2	15	0	0	6	365.58	245.66	10.18	8.90	100	to
4	2	15	0	1	0	196.008000	257.613143	82.430552	8.896602	-1	###LINE###
5	2	15	0	1	0	196.01	257.61	36.12	8.90	100	achieve
5	2	15	0	1	1	235.95	257.61	18.30	8.90	100	and
5	2	15	0	1	2	258.07	257.61	20.37	8.90	100	why
3	2	16	0	0	0	70.889000	284.006769	9.962600	8.796976	-1	###FLOW###
4	2	16	0	0	0	70.889000	284.006769	9.962600	8.796976	-1	###LINE###
5	2	16	0	0	0	70.89	284.01	9.96	8.80	100	13
3	2	17	0	0	0	196.008000	284.006769	153.704985	8.796976	-1	###FLOW###
4	2	17	0	0	0	196.008000	284.006769	153.704985	8.796976	-1	###LINE###
5	2	17	0	0	0	196.01	284.01	32.10	8.80	100	Output
5	2	17	0	0	1	231.43	284.01	46.85	8.80	100	(summary;
5	2	17	0	0	2	281.60	284.01	14.12	8.80	100	full
5	2	17	0	0	3	299.04	284.01	29.33	8.80	100	output
5	2	17	0	0	4	331.70	284.01	18.02	8.80	100	ref.)
3	2	18	0	0	0	70.889000	310.299769	9.962600	8.796976	-1	###FLOW###
4	2	18	0	0	0	70.889000	310.299769	9.962600	8.796976	-1	###LINE###
5	2	18	0	0	0	70.89	310.30	9.96	8.80	100	14
3	2	19	0	0	0	196.009293	310.299769	27.869377	8.796976	-1	###FLOW###
4	2	19	0	0	0	196.009293	310.299769	27.869377	8.796976	-1	###LINE###
5	2	19	0	0	0	196.01	310.30	27.87	8.80	100	Result
3	2	20	0	0	0	70.889000	360.503769	9.962600	8.796976	-1	###FLOW###
4	2	20	0	0	0	70.889000	360.503769	9.962600	8.796976	-1	###LINE###
5	2	20	0	0	0	70.89	360.50	9.96	8.80	100	15
3	2	21	0	0	0	196.008000	360.404143	154.656414	8.896602	-1	###FLOW###
4	2	21	0	0	0	196.008000	360.404143	154.656414	8.896602	-1	###LINE###
5	2	21	0	0	0	196.01	360.40	36.19	8.90	100	System
5	2	21	0	0	1	236.01	360.40	61.90	8.90	100	modification
5	2	21	0	0	2	301.27	360.50	24.44	8.80	100	(feeds
5	2	21	0	0	3	329.28	360.50	21.39	8.80	100	T12)
3	2	22	0	0	0	70.889000	386.796769	9.962600	8.796976	-1	###FLOW###
4	2	22	0	0	0	70.889000	386.796769	9.962600	8.796976	-1	###LINE###
5	2	22	0	0	0	70.89	386.80	9.96	8.80	100	16
3	2	23	0	0	0	196.009293	386.796769	81.005901	8.796976	-1	###FLOW###
4	2	23	0	0	0	196.009293	386.796769	81.005901	8.796976	-1	###LINE###
5	2	23	0	0	0	196.01	386.80	39.16	8.80	100	Evidence
5	2	23	0	0	1	238.49	386.80	38.53	8.80	100	reference
3	2	24	0	0	0	70.889000	413.090769	9.962600	8.796976	-1	###FLOW###
4	2	24	0	0	0	70.889000	413.090769	9.962600	8.796976	-1	###LINE###
5	2	24	0	0	0	70.89	413.09	9.96	8.80	100	17
3	2	25	0	0	0	196.008000	413.090769	170.143275	20.751976	-1	###FLOW###
4	2	25	0	0	0	196.008000	413.090769	170.143275	8.796976	-1	###LINE###
5	2	25	0	0	0	196.01	413.09	46.27	8.80	100	Comments
5	2	25	0	0	1	245.59	413.09	9.96	8.80	100	—
5	2	25	0	0	2	258.88	413.09	62.88	8.80	100	interpretation,
5	2	25	0	0	3	325.08	413.09	41.07	8.80	100	decisions,
4	2	25	0	1	0	196.008000	425.045769	42.674797	8.796976	-1	###LINE###
5	2	25	0	1	0	196.01	425.05	42.67	8.80	100	anomalies
3	2	26	0	0	0	70.889000	451.338769	9.962600	8.796976	-1	###FLOW###
4	2	26	0	0	0	70.889000	451.338769	9.962600	8.796976	-1	###LINE###
5	2	26	0	0	0	70.89	451.34	9.96	8.80	100	18
3	2	27	0	0	0	196.008000	451.338769	166.350811	20.751976	-1	###FLOW###
4	2	27	0	0	0	196.009293	451.338769	166.349517	8.796976	-1	###LINE###
5	2	27	0	0	0	196.01	451.34	27.12	8.80	100	Stable
5	2	27	0	0	1	226.45	451.34	26.57	8.80	100	action
5	2	27	0	0	2	256.33	451.34	11.21	8.80	100	ID
5	2	27	0	0	3	270.87	451.34	4.98	8.80	100	/
5	2	27	0	0	4	279.17	451.34	17.16	8.80	100	T12
5	2	27	0	0	5	299.64	451.34	19.37	8.80	100	item
5	2	27	0	0	6	322.34	451.34	11.21	8.80	100	ID
5	2	27	0	0	7	336.87	451.34	25.49	8.80	100	where
4	2	27	0	1	0	196.008000	463.293769	43.727844	8.796976	-1	###LINE###
5	2	27	0	1	0	196.01	463.29	43.73	8.80	100	applicable
3	2	28	0	0	0	400.694000	310.269881	99.578180	32.736864	-1	###FLOW###
4	2	28	0	0	0	400.694895	310.269881	98.792130	10.381029	-1	###LINE###
5	2	28	0	0	0	400.69	310.27	7.75	10.38	100	□
5	2	28	0	0	1	411.76	310.30	32.22	8.80	100	Success
5	2	28	0	0	2	447.29	310.27	7.75	10.38	100	□
5	2	28	0	0	3	458.37	310.30	30.05	8.80	100	Failure
5	2	28	0	0	4	491.74	310.27	7.75	10.38	100	□
4	2	28	0	1	0	400.694000	322.155143	99.578180	10.450767	-1	###LINE###
5	2	28	0	1	0	400.69	322.25	29.78	8.80	100	Partial
5	2	28	0	1	1	433.79	322.22	7.75	10.38	100	□
5	2	28	0	1	2	444.86	322.16	39.50	8.90	100	Blocked
5	2	28	0	1	3	488.18	322.16	12.09	8.90	100	by
4	2	28	0	2	0	400.694000	334.110143	34.951790	8.896602	-1	###LINE###
5	2	28	0	2	0	400.69	334.11	34.95	8.90	100	control
3	2	29	0	0	0	260.882000	794.933960	73.512217	7.133239	-1	###FLOW###
4	2	29	0	0	0	260.882000	794.933960	73.512217	7.133239	-1	###LINE###
5	2	29	0	0	0	260.88	794.93	73.51	7.13	100	UNCLASSIFIED
3	2	29	1	0	0	291.681000	810.521052	11.912645	6.157865	-1	###FLOW###
4	2	29	1	0	0	291.681000	810.521052	11.912645	6.157865	-1	###LINE###
5	2	29	1	0	0	291.68	810.52	11.91	6.16	100	2/5
1	3	0	0	0	0	291.681000	810.521052	595.276000	841.890000	-1	###PAGE###
3	3	0	0	0	0	384.189000	17.129960	73.512217	7.133240	-1	###FLOW###
4	3	0	0	0	0	384.189000	17.129960	73.512217	7.133240	-1	###LINE###
5	3	0	0	0	0	384.19	17.13	73.51	7.13	100	UNCLASSIFIED
3	3	1	0	0	0	66.881000	100.539643	155.684201	10.496666	-1	###FLOW###
4	3	1	0	0	0	66.881000	100.539643	155.684201	10.496666	-1	###LINE###
5	3	1	0	0	0	66.88	100.54	52.86	10.50	100	Compact
5	3	1	0	0	1	124.23	100.54	76.67	10.50	100	chronological
5	3	1	0	0	2	205.38	100.54	17.19	10.50	100	log
3	3	1	1	0	0	66.881000	120.241769	373.545694	8.796976	-1	###FLOW###
4	3	1	1	0	0	66.881000	120.241769	373.545694	8.796976	-1	###LINE###
5	3	1	1	0	0	66.88	120.24	15.83	8.80	100	Use
5	3	1	1	0	1	86.03	120.24	14.94	8.80	100	one
5	3	1	1	0	2	104.30	120.24	15.80	8.80	100	row
5	3	1	1	0	3	123.42	120.24	11.93	8.80	100	for
5	3	1	1	0	4	138.66	120.24	19.09	8.80	100	each
5	3	1	1	0	5	161.09	120.24	29.34	8.80	100	action.
5	3	1	1	0	6	194.85	120.24	39.29	8.80	100	Continue
5	3	1	1	0	7	237.47	120.24	10.52	8.80	100	on
5	3	1	1	0	8	251.30	120.24	43.73	8.80	100	additional
5	3	1	1	0	9	298.35	120.24	26.07	8.80	100	copies
5	3	1	1	0	10	327.73	120.24	8.03	8.80	100	of
5	3	1	1	0	11	339.08	120.24	16.11	8.80	100	this
5	3	1	1	0	12	358.51	120.24	19.93	8.80	100	page
5	3	1	1	0	13	381.76	120.24	22.69	8.80	100	when
5	3	1	1	0	14	407.77	120.24	32.66	8.80	100	needed.
3	3	2	0	0	0	66.886000	156.536769	22.167781	8.796976	-1	###FLOW###
4	3	2	0	0	0	66.886000	156.536769	22.167781	8.796976	-1	###LINE###
5	3	2	0	0	0	66.89	156.54	22.17	8.80	100	Start
3	3	3	0	0	0	121.432000	156.536769	17.850987	8.796976	-1	###FLOW###
4	3	3	0	0	0	121.432000	156.536769	17.850987	8.796976	-1	###LINE###
5	3	3	0	0	0	121.43	156.54	17.85	8.80	100	End
3	3	4	0	0	0	175.699000	156.536769	13.284131	8.796976	-1	###FLOW###
4	3	4	0	0	0	175.699000	156.536769	13.284131	8.796976	-1	###LINE###
5	3	4	0	0	0	175.70	156.54	13.28	8.80	100	Op
3	3	5	0	0	0	229.795000	156.536769	27.561533	8.796976	-1	###FLOW###
4	3	5	0	0	0	229.795000	156.536769	27.561533	8.796976	-1	###LINE###
5	3	5	0	0	0	229.79	156.54	13.87	8.80	100	Src
5	3	5	0	0	1	246.98	156.54	10.38	8.80	100	IP
3	3	6	0	0	0	284.503000	156.536769	29.110717	8.796976	-1	###FLOW###
4	3	6	0	0	0	284.503000	156.536769	29.110717	8.796976	-1	###LINE###
5	3	6	0	0	0	284.50	156.54	15.42	8.80	100	Dst
5	3	6	0	0	1	303.24	156.54	10.38	8.80	100	IP
3	3	7	0	0	0	339.211000	156.536769	19.259698	8.796976	-1	###FLOW###
4	3	7	0	0	0	339.211000	156.536769	19.259698	8.796976	-1	###LINE###
5	3	7	0	0	0	339.21	156.54	19.26	8.80	100	Port
3	3	8	0	0	0	393.639000	144.580769	29.723417	20.752976	-1	###FLOW###
4	3	8	0	0	0	393.639000	144.580769	15.415131	8.796976	-1	###LINE###
5	3	8	0	0	0	393.64	144.58	15.42	8.80	100	Dst
4	3	8	0	1	0	393.639000	156.536769	29.723417	8.796976	-1	###LINE###
5	3	8	0	1	0	393.64	156.54	29.72	8.80	100	system
3	3	9	0	0	0	448.599000	156.536769	19.367294	8.796976	-1	###FLOW###
4	3	9	0	0	0	448.599000	156.536769	19.367294	8.796976	-1	###LINE###
5	3	9	0	0	0	448.60	156.54	19.37	8.80	100	Tool
3	3	10	0	0	0	384.189000	572.554960	73.512217	7.133239	-1	###FLOW###
4	3	10	0	0	0	384.189000	572.554960	73.512217	7.133239	-1	###LINE###
5	3	10	0	0	0	384.19	572.55	73.51	7.13	100	UNCLASSIFIED
3	3	10	1	0	0	414.988000	584.244052	11.912645	6.157865	-1	###FLOW###
4	3	10	1	0	0	414.988000	584.244052	11.912645	6.157865	-1	###LINE###
5	3	10	1	0	0	414.99	584.24	11.91	6.16	100	3/5
3	3	11	0	0	0	503.386000	156.536769	43.935066	8.796976	-1	###FLOW###
4	3	11	0	0	0	503.386000	156.536769	43.935066	8.796976	-1	###LINE###
5	3	11	0	0	0	503.39	156.54	43.94	8.80	100	Command
3	3	12	0	0	0	558.264000	156.536769	83.299377	8.796976	-1	###FLOW###
4	3	12	0	0	0	558.264000	156.536769	83.299377	8.796976	-1	###LINE###
5	3	12	0	0	0	558.26	156.54	48.77	8.80	100	Description
5	3	12	0	0	1	613.69	156.54	27.87	8.80	100	Result
3	3	13	0	0	0	668.402000	156.536769	94.761984	8.796976	-1	###FLOW###
4	3	13	0	0	0	668.402000	156.536769	94.761984	8.796976	-1	###LINE###
5	3	13	0	0	0	668.40	156.54	53.70	8.80	100	Modification
5	3	13	0	0	1	724.00	156.54	39.16	8.80	100	Evidence
1	4	0	0	0	0	724.002000	156.536769	595.276000	841.890000	-1	###PAGE###
3	4	0	0	0	0	384.189000	17.129960	73.512217	7.133240	-1	###FLOW###
4	4	0	0	0	0	384.189000	17.129960	73.512217	7.133240	-1	###LINE###
5	4	0	0	0	0	384.19	17.13	73.51	7.13	100	UNCLASSIFIED
3	4	1	0	0	0	66.886000	86.403769	22.167781	8.796976	-1	###FLOW###
4	4	1	0	0	0	66.886000	86.403769	22.167781	8.796976	-1	###LINE###
5	4	1	0	0	0	66.89	86.40	22.17	8.80	100	Start
3	4	2	0	0	0	121.432000	86.403769	17.850987	8.796976	-1	###FLOW###
4	4	2	0	0	0	121.432000	86.403769	17.850987	8.796976	-1	###LINE###
5	4	2	0	0	0	121.43	86.40	17.85	8.80	100	End
3	4	3	0	0	0	175.699000	86.403769	13.284131	8.796976	-1	###FLOW###
4	4	3	0	0	0	175.699000	86.403769	13.284131	8.796976	-1	###LINE###
5	4	3	0	0	0	175.70	86.40	13.28	8.80	100	Op
3	4	4	0	0	0	229.795000	86.403769	27.561533	8.796976	-1	###FLOW###
4	4	4	0	0	0	229.795000	86.403769	27.561533	8.796976	-1	###LINE###
5	4	4	0	0	0	229.79	86.40	13.87	8.80	100	Src
5	4	4	0	0	1	246.98	86.40	10.38	8.80	100	IP
3	4	5	0	0	0	284.503000	86.403769	29.110717	8.796976	-1	###FLOW###
4	4	5	0	0	0	284.503000	86.403769	29.110717	8.796976	-1	###LINE###
5	4	5	0	0	0	284.50	86.40	15.42	8.80	100	Dst
5	4	5	0	0	1	303.24	86.40	10.38	8.80	100	IP
3	4	6	0	0	0	339.211000	86.403769	19.259698	8.796976	-1	###FLOW###
4	4	6	0	0	0	339.211000	86.403769	19.259698	8.796976	-1	###LINE###
5	4	6	0	0	0	339.21	86.40	19.26	8.80	100	Port
3	4	7	0	0	0	393.639000	74.448769	29.723417	20.751976	-1	###FLOW###
4	4	7	0	0	0	393.639000	74.448769	15.415131	8.796976	-1	###LINE###
5	4	7	0	0	0	393.64	74.45	15.42	8.80	100	Dst
4	4	7	0	1	0	393.639000	86.403769	29.723417	8.796976	-1	###LINE###
5	4	7	0	1	0	393.64	86.40	29.72	8.80	100	system
3	4	8	0	0	0	448.599000	86.403769	19.367294	8.796976	-1	###FLOW###
4	4	8	0	0	0	448.599000	86.403769	19.367294	8.796976	-1	###LINE###
5	4	8	0	0	0	448.60	86.40	19.37	8.80	100	Tool
3	4	9	0	0	0	384.189000	572.554960	73.512217	7.133239	-1	###FLOW###
4	4	9	0	0	0	384.189000	572.554960	73.512217	7.133239	-1	###LINE###
5	4	9	0	0	0	384.19	572.55	73.51	7.13	100	UNCLASSIFIED
3	4	9	1	0	0	414.988000	584.244052	11.912645	6.157865	-1	###FLOW###
4	4	9	1	0	0	414.988000	584.244052	11.912645	6.157865	-1	###LINE###
5	4	9	1	0	0	414.99	584.24	11.91	6.16	100	4/5
3	4	10	0	0	0	503.386000	86.403769	43.935066	8.796976	-1	###FLOW###
4	4	10	0	0	0	503.386000	86.403769	43.935066	8.796976	-1	###LINE###
5	4	10	0	0	0	503.39	86.40	43.94	8.80	100	Command
3	4	11	0	0	0	558.264000	86.403769	83.299377	8.796976	-1	###FLOW###
4	4	11	0	0	0	558.264000	86.403769	83.299377	8.796976	-1	###LINE###
5	4	11	0	0	0	558.26	86.40	48.77	8.80	100	Description
5	4	11	0	0	1	613.69	86.40	27.87	8.80	100	Result
3	4	12	0	0	0	668.402000	86.403769	94.761984	8.796976	-1	###FLOW###
4	4	12	0	0	0	668.402000	86.403769	94.761984	8.796976	-1	###LINE###
5	4	12	0	0	0	668.40	86.40	53.70	8.80	100	Modification
5	4	12	0	0	1	724.00	86.40	39.16	8.80	100	Evidence
1	5	0	0	0	0	724.002000	86.403769	595.276000	841.890000	-1	###PAGE###
3	5	0	0	0	0	260.882000	40.770960	73.512217	7.133240	-1	###FLOW###
4	5	0	0	0	0	260.882000	40.770960	73.512217	7.133240	-1	###LINE###
5	5	0	0	0	0	260.88	40.77	73.51	7.13	100	UNCLASSIFIED
3	5	1	0	0	0	70.866000	104.524643	147.484129	10.496666	-1	###FLOW###
4	5	1	0	0	0	70.866000	104.524643	147.484129	10.496666	-1	###LINE###
5	5	1	0	0	0	70.87	104.52	64.31	10.50	100	End-of-day
5	5	1	0	0	1	139.66	104.52	78.69	10.50	100	reconciliation
3	5	1	1	0	0	70.889000	135.583769	8.301835	8.796976	-1	###FLOW###
4	5	1	1	0	0	70.889000	135.583769	8.301835	8.796976	-1	###LINE###
5	5	1	1	0	0	70.89	135.58	8.30	8.80	100	#
3	5	2	0	0	0	176.590000	135.583769	26.566269	8.796976	-1	###FLOW###
4	5	2	0	0	0	176.590000	135.583769	26.566269	8.796976	-1	###LINE###
5	5	2	0	0	0	176.59	135.58	26.57	8.80	100	Check
3	5	3	0	0	0	420.761000	135.553881	8.301835	10.381029	-1	###FLOW###
4	5	3	0	0	0	420.761000	135.553881	8.301835	10.381029	-1	###LINE###
5	5	3	0	0	0	420.76	135.55	8.30	10.38	100	✓
3	5	4	0	0	0	70.889000	166.877769	4.981300	8.796976	-1	###FLOW###
4	5	4	0	0	0	70.889000	166.877769	4.981300	8.796976	-1	###LINE###
5	5	4	0	0	0	70.89	166.88	4.98	8.80	100	1
3	5	5	0	0	0	176.590000	166.877769	182.155182	20.751976	-1	###FLOW###
4	5	5	0	0	0	176.590000	166.877769	182.155182	8.796976	-1	###LINE###
5	5	5	0	0	0	176.59	166.88	25.35	8.80	100	Every
5	5	5	0	0	1	205.26	166.88	12.18	8.80	100	C2
5	5	5	0	0	2	220.76	166.88	18.04	8.80	100	task
5	5	5	0	0	3	242.12	166.88	8.30	8.80	100	in
5	5	5	0	0	4	253.74	166.88	13.84	8.80	100	the
5	5	5	0	0	5	270.91	166.88	45.72	8.80	100	framework
5	5	5	0	0	6	319.94	166.88	12.73	8.80	100	log
5	5	5	0	0	7	335.99	166.88	14.45	8.80	100	has
5	5	5	0	0	8	353.76	166.88	4.98	8.80	100	a
4	5	5	0	1	0	176.590000	178.832769	142.991205	8.796976	-1	###LINE###
5	5	5	0	1	0	176.59	178.83	60.71	8.80	100	corresponding
5	5	5	0	1	1	240.63	178.83	36.86	8.80	100	operator
5	5	5	0	1	2	280.81	178.83	12.73	8.80	100	log
5	5	5	0	1	3	296.86	178.83	22.72	8.80	100	entry
3	5	6	0	0	0	420.761000	166.847881	7.748910	10.381029	-1	###FLOW###
4	5	6	0	0	0	420.761000	166.847881	7.748910	10.381029	-1	###LINE###
5	5	6	0	0	0	420.76	166.85	7.75	10.38	100	□
3	5	7	0	0	0	70.889000	205.126769	4.981300	8.796976	-1	###FLOW###
4	5	7	0	0	0	70.889000	205.126769	4.981300	8.796976	-1	###LINE###
5	5	7	0	0	0	70.89	205.13	4.98	8.80	100	2
3	5	8	0	0	0	176.592186	205.126769	184.773353	8.796976	-1	###FLOW###
4	5	8	0	0	0	176.592186	205.126769	184.773353	8.796976	-1	###LINE###
5	5	8	0	0	0	176.59	205.13	25.35	8.80	100	Every
5	5	8	0	0	1	205.26	205.13	29.50	8.80	100	session
5	5	8	0	0	2	238.08	205.13	12.73	8.80	100	log
5	5	8	0	0	3	254.14	205.13	35.20	8.80	100	segment
5	5	8	0	0	4	292.66	205.13	6.70	8.80	100	is
5	5	8	0	0	5	302.67	205.13	43.45	8.80	100	accounted
5	5	8	0	0	6	349.45	205.13	11.92	8.80	100	for
3	5	9	0	0	0	420.762561	205.096881	7.748910	10.381029	-1	###FLOW###
4	5	9	0	0	0	420.762561	205.096881	7.748910	10.381029	-1	###LINE###
5	5	9	0	0	0	420.76	205.10	7.75	10.38	100	□
3	5	10	0	0	0	70.889000	231.419769	4.981300	8.796976	-1	###FLOW###
4	5	10	0	0	0	70.889000	231.419769	4.981300	8.796976	-1	###LINE###
5	5	10	0	0	0	70.89	231.42	4.98	8.80	100	3
3	5	11	0	0	0	176.590000	231.419769	232.142282	8.796976	-1	###FLOW###
4	5	11	0	0	0	176.590000	231.419769	232.142282	8.796976	-1	###LINE###
5	5	11	0	0	0	176.59	231.42	25.32	8.80	100	Every
5	5	11	0	0	1	205.24	231.42	36.77	8.80	100	evidence
5	5	11	0	0	2	245.32	231.42	12.72	8.80	100	file
5	5	11	0	0	3	261.37	231.42	44.01	8.80	100	referenced
5	5	11	0	0	4	308.70	231.42	24.17	8.80	100	exists
5	5	11	0	0	5	336.18	231.42	8.29	8.80	100	in
5	5	11	0	0	6	347.80	231.42	13.82	8.80	100	the
5	5	11	0	0	7	364.95	231.42	43.79	8.80	100	repository
3	5	12	0	0	0	420.761000	231.389881	7.748910	10.381029	-1	###FLOW###
4	5	12	0	0	0	420.761000	231.389881	7.748910	10.381029	-1	###LINE###
5	5	12	0	0	0	420.76	231.39	7.75	10.38	100	□
3	5	13	0	0	0	70.889000	257.713769	4.981300	8.796976	-1	###FLOW###
4	5	13	0	0	0	70.889000	257.713769	4.981300	8.796976	-1	###LINE###
5	5	13	0	0	0	70.89	257.71	4.98	8.80	100	4
3	5	14	0	0	0	176.592186	257.713769	198.255740	8.796976	-1	###FLOW###
4	5	14	0	0	0	176.592186	257.713769	198.255740	8.796976	-1	###LINE###
5	5	14	0	0	0	176.59	257.71	25.35	8.80	100	Every
5	5	14	0	0	1	205.26	257.71	29.72	8.80	100	system
5	5	14	0	0	2	238.30	257.71	53.97	8.80	100	modification
5	5	14	0	0	3	295.59	257.71	6.70	8.80	100	is
5	5	14	0	0	4	305.61	257.71	37.13	8.80	100	recorded
5	5	14	0	0	5	346.07	257.71	8.30	8.80	100	in
5	5	14	0	0	6	357.69	257.71	17.16	8.80	100	T12
3	5	15	0	0	0	420.765549	257.683881	7.748910	10.381029	-1	###FLOW###
4	5	15	0	0	0	420.765549	257.683881	7.748910	10.381029	-1	###LINE###
5	5	15	0	0	0	420.77	257.68	7.75	10.38	100	□
3	5	16	0	0	0	70.889000	284.006769	4.981300	8.796976	-1	###FLOW###
4	5	16	0	0	0	70.889000	284.006769	4.981300	8.796976	-1	###LINE###
5	5	16	0	0	0	70.89	284.01	4.98	8.80	100	5
3	5	17	0	0	0	176.590000	284.006769	113.523827	8.796976	-1	###FLOW###
4	5	17	0	0	0	176.590000	284.006769	113.523827	8.796976	-1	###LINE###
5	5	17	0	0	0	176.59	284.01	12.45	8.80	100	No
5	5	17	0	0	1	192.36	284.01	52.31	8.80	100	unexplained
5	5	17	0	0	2	247.99	284.01	19.37	8.80	100	time
5	5	17	0	0	3	270.69	284.01	19.43	8.80	100	gaps
3	5	18	0	0	0	420.761000	283.976881	7.748910	10.381029	-1	###FLOW###
4	5	18	0	0	0	420.761000	283.976881	7.748910	10.381029	-1	###LINE###
5	5	18	0	0	0	420.76	283.98	7.75	10.38	100	□
3	5	19	0	0	0	70.889000	310.299769	4.981300	8.796976	-1	###FLOW###
4	5	19	0	0	0	70.889000	310.299769	4.981300	8.796976	-1	###LINE###
5	5	19	0	0	0	70.89	310.30	4.98	8.80	100	6
3	5	20	0	0	0	176.592186	310.299769	96.944068	8.796976	-1	###FLOW###
4	5	20	0	0	0	176.592186	310.299769	96.944068	8.796976	-1	###LINE###
5	5	20	0	0	0	176.59	310.30	58.66	8.80	100	Discrepancies
5	5	20	0	0	1	238.58	310.30	34.95	8.80	100	resolved
3	5	21	0	0	0	420.763557	310.269881	7.748910	10.381029	-1	###FLOW###
4	5	21	0	0	0	420.763557	310.269881	7.748910	10.381029	-1	###LINE###
5	5	21	0	0	0	420.76	310.27	7.75	10.38	100	□
3	5	22	0	0	0	70.889000	336.593769	4.981300	8.796976	-1	###FLOW###
4	5	22	0	0	0	70.889000	336.593769	4.981300	8.796976	-1	###LINE###
5	5	22	0	0	0	70.89	336.59	4.98	8.80	100	7
3	5	23	0	0	0	176.590000	336.593769	223.191132	20.751976	-1	###FLOW###
4	5	23	0	0	0	176.590000	336.593769	223.191132	8.796976	-1	###LINE###
5	5	23	0	0	0	176.59	336.59	36.84	8.80	100	Material
5	5	23	0	0	1	216.74	336.59	36.81	8.80	100	evidence
5	5	23	0	0	2	256.87	336.59	15.14	8.80	100	IDs
5	5	23	0	0	3	275.34	336.59	20.25	8.80	100	exist
5	5	23	0	0	4	298.91	336.59	16.05	8.80	100	and
5	5	23	0	0	5	318.28	336.59	28.34	8.80	100	hashes
5	5	23	0	0	6	349.94	336.59	37.67	8.80	100	reconcile
5	5	23	0	0	7	390.93	336.59	8.86	8.80	100	at
4	5	23	0	1	0	176.590000	348.548769	133.531717	8.796976	-1	###LINE###
5	5	23	0	1	0	176.59	348.55	13.84	8.80	100	the
5	5	23	0	1	1	193.75	348.55	17.24	8.80	100	first
5	5	23	0	1	2	214.31	348.55	25.52	8.80	100	stable
5	5	23	0	1	3	243.15	348.55	40.95	8.80	100	collection
5	5	23	0	1	4	287.43	348.55	22.69	8.80	100	point
3	5	24	0	0	0	420.761000	336.563881	7.748910	10.381029	-1	###FLOW###
4	5	24	0	0	0	420.761000	336.563881	7.748910	10.381029	-1	###LINE###
5	5	24	0	0	0	420.76	336.56	7.75	10.38	100	□
3	5	25	0	0	0	70.889000	374.841769	4.981300	8.796976	-1	###FLOW###
4	5	25	0	0	0	70.889000	374.841769	4.981300	8.796976	-1	###LINE###
5	5	25	0	0	0	70.89	374.84	4.98	8.80	100	8
3	5	26	0	0	0	176.590000	374.841769	219.594826	20.752976	-1	###FLOW###
4	5	26	0	0	0	176.592186	374.841769	219.592640	8.796976	-1	###LINE###
5	5	26	0	0	0	176.59	374.84	24.63	8.80	100	Clock
5	5	26	0	0	1	204.54	374.84	23.03	8.80	100	offset
5	5	26	0	0	2	230.88	374.84	39.88	8.80	100	remained
5	5	26	0	0	3	274.08	374.84	27.68	8.80	100	within
5	5	26	0	0	4	305.08	374.84	42.09	8.80	100	tolerance,
5	5	26	0	0	5	350.50	374.84	8.88	8.80	100	or
5	5	26	0	0	6	362.70	374.84	33.49	8.80	100	affected
4	5	26	0	1	0	176.590000	386.797769	100.292498	8.796976	-1	###LINE###
5	5	26	0	1	0	176.59	386.80	36.62	8.80	100	intervals
5	5	26	0	1	1	216.53	386.80	13.31	8.80	100	are
5	5	26	0	1	2	233.16	386.80	43.73	8.80	100	annotated
3	5	27	0	0	0	420.761000	374.811881	7.748910	10.381029	-1	###FLOW###
4	5	27	0	0	0	420.761000	374.811881	7.748910	10.381029	-1	###LINE###
5	5	27	0	0	0	420.76	374.81	7.75	10.38	100	□
3	5	28	0	0	0	70.866000	423.473143	178.655321	8.896602	-1	###FLOW###
4	5	28	0	0	0	70.866000	423.473143	178.655321	8.896602	-1	###LINE###
5	5	28	0	0	0	70.87	423.47	67.89	8.90	100	Discrepancies
5	5	28	0	0	1	142.58	423.47	28.32	8.90	100	found
5	5	28	0	0	2	174.73	423.47	18.30	8.90	100	and
5	5	28	0	0	3	196.84	423.47	52.68	8.90	100	resolution:
3	5	28	1	0	0	70.866000	452.474769	74.747395	8.796976	-1	###FLOW###
4	5	28	1	0	0	70.866000	452.474769	74.747395	8.796976	-1	###LINE###
5	5	28	1	0	0	70.87	452.47	40.38	8.80	100	Response
5	5	28	1	0	1	114.56	452.47	4.98	8.80	100	/
5	5	28	1	0	2	122.86	452.47	22.75	8.80	100	notes
3	5	29	0	0	0	209.923000	582.163769	25.183460	8.796976	-1	###FLOW###
4	5	29	0	0	0	209.923000	582.163769	25.183460	8.796976	-1	###LINE###
5	5	29	0	0	0	209.92	582.16	25.18	8.80	100	Name
3	5	30	0	0	0	316.062000	582.163769	41.541053	8.796976	-1	###FLOW###
4	5	30	0	0	0	316.062000	582.163769	41.541053	8.796976	-1	###LINE###
5	5	30	0	0	0	316.06	582.16	41.54	8.80	100	Signature
3	5	31	0	0	0	70.866000	613.457769	39.633215	8.796976	-1	###FLOW###
4	5	31	0	0	0	70.866000	613.457769	39.633215	8.796976	-1	###LINE###
5	5	31	0	0	0	70.87	613.46	39.63	8.80	100	Operator
3	5	31	1	0	0	70.866000	639.750769	96.445938	8.796976	-1	###FLOW###
4	5	31	1	0	0	70.866000	639.750769	96.445938	8.796976	-1	###LINE###
5	5	31	1	0	0	70.87	639.75	41.10	8.80	100	Reviewed
5	5	31	1	0	1	115.28	639.75	10.52	8.80	100	by
5	5	31	1	0	2	129.12	639.75	13.70	8.80	100	RT
5	5	31	1	0	3	146.14	639.75	21.17	8.80	100	Lead
3	5	32	0	0	0	260.882000	794.933960	73.512217	7.133239	-1	###FLOW###
4	5	32	0	0	0	260.882000	794.933960	73.512217	7.133239	-1	###LINE###
5	5	32	0	0	0	260.88	794.93	73.51	7.13	100	UNCLASSIFIED
3	5	32	1	0	0	291.681000	810.521052	11.912645	6.157865	-1	###FLOW###
4	5	32	1	0	0	291.681000	810.521052	11.912645	6.157865	-1	###LINE###
5	5	32	1	0	0	291.68	810.52	11.91	6.16	100	5/5
3	5	33	0	0	0	430.264000	582.163769	20.894561	8.796976	-1	###FLOW###
4	5	33	0	0	0	430.264000	582.163769	20.894561	8.796976	-1	###LINE###
5	5	33	0	0	0	430.26	582.16	20.89	8.80	100	Date
